,files,area covered by bees,number of bees
0,0,0.24713324652777777,187
1,1,0.21696831597222221,190
2,2,0.17059678819444443,163
3,3,0.136806640625,120
4,4,0.23471788194444446,174
